id;nom;postnom;prenom;numero;email
1;reciprocal withdrawal;synthesize compressing;multi-byte Administrator;paradigm;Devyn86@hotmail.com
2;Coordinator world-class Adaptive;capacitor hard;iterate;online Account global;Lavonne.Abbott89@hotmail.com
3;Security quantify uniform;e-markets Corporate;Cotton;Dollar;Brionna36@yahoo.com
4;connect Ergonomic;Music paradigms;Customer;Branding Response;Antonietta45@gmail.com
5;encoding Cape;Division Corporate;payment;Wisconsin neural;Ellen.Murphy@hotmail.com
6;background magenta;Music leverage Pants;Market Gorgeous;back-end Cambridgeshire Cotton;Evie_Schulist57@hotmail.com
7;Licensed Strategist Nauru;Branding Soap;Shoes;Berkshire SQL Fresh;Everardo.Hermiston@hotmail.com
8;Regional Central;Director;gold Japan;hacking;Cecil_Ryan@hotmail.com
9;e-business Loan;Shoes;hack synthesize alarm;navigate;Oliver_Pouros@gmail.com
10;Ergonomic FTP;Oregon Ohio Monaco;Massachusetts Islands;Account Hat;Elaina3@gmail.com
