id;nom;email;telephone
1;Pound Creative override;Luz.Johns@hotmail.com;593.838.2202 x480
2;Assurance;Furman_Moore39@hotmail.com;1-503-924-2771 x347
3;Carolina Checking Personal;Erna_Kiehn@yahoo.com;219-759-6043
4;invoice analyzer withdrawal;Lincoln_Armstrong@yahoo.com;519.392.5220 x6197
5;technologies;Margarette.DAmore@gmail.com;222-589-6625 x0269
6;Shirt Hat;Darrel.Schowalter@gmail.com;1-913-332-8982
7;Incredible open-source;Hilario14@yahoo.com;(431) 558-7025 x443
8;Health withdrawal;Kim27@gmail.com;(540) 207-4365 x669
9;invoice hard;Berenice_Hahn80@yahoo.com;1-806-893-8037
10;connecting Granite e-business;Amina_Buckridge14@yahoo.com;(883) 683-7433 x49084
