id;nom;adresse;email
1;Cambodia Frozen Concrete;Borders;Stephany.Beatty@gmail.com
2;Communications navigating;viral North experiences;Teagan72@gmail.com
3;value-added;Functionality;Valerie_OReilly@yahoo.com
4;Isle National;Granite drive;Dock.Farrell16@hotmail.com
5;calculate Response brand;withdrawal;Abraham_Herman@gmail.com
6;Dollar;Clothing out-of-the-box;Christelle_Cremin@gmail.com
7;PCI Sharable;sticky Representative Oklahoma;Anna.Hartmann@gmail.com
8;Loan;Hampshire Falkland;Kayleigh.Ortiz89@hotmail.com
9;incremental;FTP;Gracie.Aufderhar20@gmail.com
10;Paradigm Orchestrator;synthesizing Credit;Bernard.Ziemann89@hotmail.com
